-- ============================================================
-- seed.sql — 開発用テストデータ
-- ============================================================
-- 注意: auth.users への直接 INSERT は Supabase クラウドでは不可。
-- 実際のユーザーはダッシュボードまたはサインアップで作成してください。
--
-- 使い方:
-- 1. Supabase ダッシュボードで2名のテストユーザーをサインアップ
-- 2. 以下の UUID を実際のユーザー ID に差し替え
-- 3. SQL Editor で実行
-- ============================================================

-- テストユーザーの UUID（実際の auth.users ID に差し替えてください）
-- ※ profiles はトリガーで自動作成されるため、ここでは INSERT 不要

-- テスト用ペア（active状態）
-- 以下は UUID を差し替えた後に実行してください
/*
insert into public.pairs (id, user_a_id, user_b_id, status)
values (
  'a0000000-0000-0000-0000-000000000001',
  '<USER_A_UUID>',
  '<USER_B_UUID>',
  'active'
);

-- テスト用写真
insert into public.photos (id, user_id, pair_id, storage_path, caption, month) values
  ('b0000000-0000-0000-0000-000000000001', '<USER_A_UUID>', 'a0000000-0000-0000-0000-000000000001', '<USER_A_UUID>/sample1.jpg', '最初の投稿', '2026-02'),
  ('b0000000-0000-0000-0000-000000000002', '<USER_B_UUID>', 'a0000000-0000-0000-0000-000000000001', '<USER_B_UUID>/sample2.jpg', '返事の写真', '2026-02'),
  ('b0000000-0000-0000-0000-000000000003', '<USER_A_UUID>', 'a0000000-0000-0000-0000-000000000001', '<USER_A_UUID>/sample3.jpg', 'お気に入り', '2026-02');

-- テスト用いいね
insert into public.likes (user_id, photo_id) values
  ('<USER_A_UUID>', 'b0000000-0000-0000-0000-000000000002'),
  ('<USER_B_UUID>', 'b0000000-0000-0000-0000-000000000001');

-- テスト用コメント
insert into public.comments (user_id, photo_id, body) values
  ('<USER_A_UUID>', 'b0000000-0000-0000-0000-000000000002', 'いい写真！'),
  ('<USER_B_UUID>', 'b0000000-0000-0000-0000-000000000001', 'ありがとう！'),
  ('<USER_A_UUID>', 'b0000000-0000-0000-0000-000000000002', '最高だね');
*/
